id,first_name,last_name
1,Paddy,Johnson
2,Filia,Javenson
3,Rycca,Olson
4,Neil,Swanson
5,Artus,Stevenson
6,Julia,McAuley
7,Horton,McAllister
8,Mira,McAfee
9,Nicol,McIlroy
10,Nicolle,Rhodes
11,Demetrius,Johnson
12,Cami,Javenson
13,Agatha,Olson
14,Carmencita,Swanson
15,Geordie,Stevenson
16,Bellina,McAuley
17,Marleah,McAllister
18,Bobbe,McAfee
19,Page,McIlroy
20,Celestia,Rhodes
21,Nessie,Johnson
22,Sher,Javenson
23,Heall,Olson
24,Marnia,Swanson
25,Mack,Stevenson
26,Vivia,McAuley
27,Armand,McAllister
28,Imogene,McAfee
29,Merill,McIlroy
30,Lucas,Rhodes
31,Nissie,Johnson
32,Nolly,Javenson
33,Magdalene,Olson
34,Allin,Swanson
35,Brit,Stevenson
36,Rosa,McAuley
37,Artemus,McAllister
38,Christan,McAfee
39,Randolf,McIlroy
40,Nefen,Rhodes
41,Wood,Johnson
42,Eugine,Javenson
43,Trev,Olson
44,Sinclare,Swanson
45,Marian,Stevenson
46,Rob,McAuley
47,Inessa,McAllister
48,Raven,McAfee
49,Dahlia,McIlroy
50,Sheela,Rhodes
51,Alverta,Johnson
52,Lemmie,Javenson
53,Joline,Olson
54,Bettye,Swanson
55,Henry,Stevenson
56,Ermentrude,McAuley
57,Zeb,McAllister
58,Sean,McAfee
59,Garik,McIlroy
60,Nike,Rhodes
61,Maureene,Johnson
62,Alfie,Javenson
63,Kaye,Olson
64,Peri,Swanson
65,Renaldo,Stevenson
66,Jody,McAuley
67,Kala,McAllister
68,Olympia,McAfee
69,Joelly,McIlroy
70,Helyn,Rhodes
71,Carey,Johnson
72,Cornie,Javenson
73,Maighdiln,Olson
74,Maxy,Swanson
75,Nathanial,Stevenson
76,Asia,McAuley
77,Cull,McAllister
78,Merline,McAfee
79,Lois,McIlroy
80,Ranice,Rhodes
81,Mitch,Johnson
82,Lionel,Javenson
83,Roxana,Olson
84,Wenonah,Swanson
85,Sheelagh,Stevenson
86,Filberte,McAuley
87,Whitby,McAllister
88,Willy,McAfee
89,Ennis,McIlroy
90,Maryellen,Rhodes
91,Sigismond,Johnson
92,Emelina,Javenson
93,Matthiew,Olson
94,Antonia,Swanson
95,Jen,Stevenson
96,Inger,McAuley
97,Dominica,McAllister
98,Rebe,McAfee
99,Ode,McIlroy
100,Zsazsa,Rhodes
101,Ritchie,Johnson
102,Richart,Javenson
103,Horace,Olson
104,Nickie,Swanson
105,Pattie,Stevenson
106,Kinny,McAuley
107,Aloin,McAllister
108,Codie,McAfee
109,Benedetto,McIlroy
110,Colver,Rhodes
111,Penn,Johnson
112,Dunn,Javenson
113,Lambert,Olson
114,Derrick,Swanson
115,Alwin,Stevenson
116,Yves,McAuley
117,Winslow,McAllister
118,Reamonn,McAfee
119,Reynard,McIlroy
120,Daren,Rhodes
121,Meade,Johnson
122,Burtie,Javenson
123,Maxwell,Olson
124,Barton,Swanson
125,Hillie,Stevenson
126,Son,McAuley
127,Roderic,McAllister
128,Fonz,McAfee
129,Leighton,McIlroy
130,Drew,Rhodes
131,Ulick,Johnson
132,Stacee,Javenson
133,Jase,Olson
134,Salim,Swanson
135,Chucho,Stevenson
136,Hendrik,McAuley
137,Rutherford,McAllister
138,Emery,McAfee
139,Benedicto,McIlroy
140,Calv,Rhodes
141,Giordano,Johnson
142,Nikos,Javenson
143,Guthrey,Olson
144,Gherardo,Swanson
145,Cob,Stevenson
146,Rafferty,McAuley
147,Gerrie,McAllister
148,Brad,McAfee
149,Alexandre,McIlroy
150,Jdavie,Rhodes
151,Che,Johnson
152,Murdock,Javenson
153,Erik,Olson
154,Art,Swanson
155,Jaime,Stevenson
156,Trumann,McAuley
157,Herbie,McAllister
158,Brooke,McAfee
159,Lawton,McIlroy
160,Benedetto,Rhodes
161,Eustace,Johnson
162,Griswold,Javenson
163,Patty,Olson
164,Milty,Swanson
165,Elnar,Stevenson
166,Muhammad,McAuley
167,Alard,McAllister
168,Nicol,McAfee
169,Read,McIlroy
170,Sancho,Rhodes
171,Alford,Johnson
172,Michail,Javenson
173,Isac,Olson
174,Lammond,Swanson
175,Nico,Stevenson
176,Read,McAuley
177,Jared,McAllister
178,Gauthier,McAfee
179,Hailey,McIlroy
180,Tadd,Rhodes
181,Dermot,Johnson
182,Clarence,Javenson
183,Gerri,Olson
184,Chrotoem,Swanson
185,Sutton,Stevenson
186,Alexandr,McAuley
187,Tabor,McAllister
188,Angus,McAfee
189,Frederic,McIlroy
190,Pieter,Rhodes
191,Chen,Johnson
192,Kent,Javenson
193,Giff,Olson
194,Eric,Swanson
195,Farleigh,Stevenson
196,Jan,McAuley
197,Shalom,McAllister
198,Toiboid,McAfee
199,Kristo,McIlroy
200,Borg,Rhodes
201,Kath,Johnson
202,Correy,Javenson
203,Katrina,Olson
204,Tiena,Swanson
205,Myrtle,Stevenson
206,Jeri,McAuley
207,Ursa,McAllister
208,Blanch,McAfee
209,Juliet,McIlroy
210,Cherry,Rhodes
211,Adele,Johnson
212,Lelah,Javenson
213,Hephzibah,Olson
214,Gerry,Swanson
215,Ansley,Stevenson
216,Geneva,McAuley
217,Jeanelle,McAllister
218,Nona,McAfee
219,Bonnie,McIlroy
220,Delphinia,Rhodes
221,Catha,Johnson
222,Marja,Javenson
223,Crissie,Olson
224,Amalia,Swanson
225,Merridie,Stevenson
226,Jasmine,McAuley
227,Kaela,McAllister
228,Alisun,McAfee
229,Nonna,McIlroy
230,Salome,Rhodes
231,Ronica,Johnson
232,Costanza,Javenson
233,Debee,Olson
234,Tiffani,Swanson
235,Jacky,Stevenson
236,Belita,McAuley
237,Lenna,McAllister
238,Wanids,McAfee
239,Cassandra,McIlroy
240,Trenna,Rhodes
241,Carilyn,Johnson
242,Elka,Javenson
243,Cele,Olson
244,Carina,Swanson
245,Johnette,Stevenson
246,Mercie,McAuley
247,Bunni,McAllister
248,Adela,McAfee
249,Tommie,McIlroy
250,Stevana,Rhodes
251,Georgeta,Johnson
252,Agnese,Javenson
253,Dido,Olson
254,Vittoria,Swanson
255,Daffy,Stevenson
256,Lettie,McAuley
257,Virginie,McAllister
258,Lauryn,McAfee
259,Joannes,McIlroy
260,Melisandra,Rhodes
261,Lelia,Johnson
262,Aggie,Javenson
263,Sidoney,Olson
264,Lulita,Swanson
265,Annabal,Stevenson
266,Robinette,McAuley
267,Emma,McAllister
268,Dacia,McAfee
269,Iormina,McIlroy
270,Lacee,Rhodes
271,Waneta,Johnson
272,Elvera,Javenson
273,Celia,Olson
274,Esmaria,Swanson
275,Lauree,Stevenson
276,Rona,McAuley
277,Sal,McAllister
278,Lona,McAfee
279,Helsa,McIlroy
280,Tiffani,Rhodes
281,Robby,Johnson
282,Edin,Javenson
283,Etty,Olson
284,Henryetta,Swanson
285,Brigid,Stevenson
286,Miriam,McAuley
287,Vernice,McAllister
288,Tracie,McAfee
289,Norri,McIlroy
290,Anissa,Rhodes
291,Dodi,Johnson
292,Kristal,Javenson
293,Tresa,Olson
294,Joete,Swanson
295,Conchita,Stevenson
296,Carmon,McAuley
297,Giulietta,McAllister
298,Saidee,McAfee
299,Lacey,McIlroy
300,Aarika,Rhodes
301,Aimil,Johnson
302,Trula,Javenson
303,Raychel,Olson
304,Glennie,Swanson
305,Breena,Stevenson
306,Chiquia,McAuley
307,Evangelina,McAllister
308,Gwenora,McAfee
309,Yetta,McIlroy
310,Cynthie,Rhodes
311,Esther,Johnson
312,Sybil,Javenson
313,Mommy,Olson
314,Kathi,Swanson
315,Cybil,Stevenson
316,Christiana,McAuley
317,Shayna,McAllister
318,Anni,McAfee
319,Shanda,McIlroy
320,Paloma,Rhodes
321,Netta,Johnson
322,Mame,Javenson
323,Catherina,Olson
324,Kevina,Swanson
325,Clemmie,Stevenson
326,Selia,McAuley
327,Julienne,McAllister
328,Arleta,McAfee
329,Liva,McIlroy
330,Kamillah,Rhodes
331,Anne-corinne,Johnson
332,Maximo,Javenson
333,Hewett,Olson
334,Currie,Swanson
335,Earle,Stevenson
336,Cornall,McAuley
337,Davide,McAllister
338,Jackson,McAfee
339,Ellwood,McIlroy
340,Chev,Rhodes
341,Gaspard,Johnson
342,Rafaellle,Javenson
343,Batholomew,Olson
344,Chevy,Swanson
345,Murdock,Stevenson
346,Weston,McAuley
347,Joaquin,McAllister
348,Patric,McAfee
349,Sky,McIlroy
350,Guglielmo,Rhodes
351,Andre,Johnson
352,Kelsey,Javenson
353,Herschel,Olson
354,Tito,Swanson
355,Consalve,Stevenson
356,Heinrick,McAuley
357,Eldin,McAllister
358,Kevan,McAfee
359,Coleman,McIlroy
360,Zack,Rhodes
361,Meghan,Johnson
362,Corliss,Javenson
363,Willa,Olson
364,Jaynell,Swanson
365,Jena,Stevenson
366,Imojean,McAuley
367,Doralynn,McAllister
368,Aprilette,McAfee
369,Madalena,McIlroy
370,Hattie,Rhodes
371,Courtnay,Johnson
372,Tito,Javenson
373,Consalve,Olson
374,Heinrick,Swanson
375,Eldin,Stevenson
376,Kevan,McAuley
377,Coleman,McAllister
378,Zack,McAfee
379,Caesar,McIlroy
380,Alphonse,Rhodes
381,Bone,Johnson
382,Waylan,Javenson
383,Stillmann,Olson
384,Buck,Swanson
385,Gene,Stevenson
386,Conrade,McAuley
387,Lincoln,McAllister
388,Stirling,McAfee
389,Geoffry,McIlroy
390,Merle,Rhodes
391,Urson,Johnson
392,Ricky,Javenson
393,Paolo,Olson
394,Godfry,Swanson
395,Hammad,Stevenson
396,Lonny,McAuley
397,Edik,McAllister
398,Shay,McAfee
399,Orville,McIlroy
400,Mick,Rhodes
401,Obadiah,Johnson
402,Sawyer,Javenson
403,Tailor,Olson
404,Andris,Swanson
405,Gerard,Stevenson
406,Madison,McAuley
407,Jon,McAllister
408,Woody,McAfee
409,Vail,McIlroy
410,Franny,Rhodes
411,Garrik,Johnson
412,Tades,Javenson
413,Mordecai,Olson
414,Yuma,Swanson
415,Fluffica,Stevenson
416,Emerson,McAuley
417,De witt,McAllister
418,Reinhard,McAfee
419,Toiboid,McIlroy
420,Raphael,Rhodes
421,Cash,Johnson
422,Llewellyn,Javenson
423,Haywood,Olson
424,Ax,Swanson
425,Case,Stevenson
426,Julian,McAuley
427,Austen,McAllister
428,Walt,McAfee
429,Paolo,McIlroy
430,Oran,Rhodes
431,Torr,Johnson
432,Rodrique,Javenson
433,Si,Olson
434,Penny,Swanson
435,Raff,Stevenson
436,Guido,McAuley
437,Rowney,McAllister
438,Sammie,McAfee
439,Reggie,McIlroy
440,Luis,Rhodes
441,Kev,Johnson
442,Thaddus,Javenson
443,Gar,Olson
444,Claus,Swanson
445,Eugenio,Stevenson
446,Padriac,McAuley
447,Abba,McAllister
448,Oswald,McAfee
449,Fredrick,McIlroy
450,Prescott,Rhodes
451,Pate,Johnson
452,Huntington,Javenson
453,Demetri,Olson
454,Mylo,Swanson
455,Lyman,Stevenson
456,Alaric,McAuley
457,Aland,McAllister
458,Christie,McAfee
459,Francklyn,McIlroy
460,Kally,Johnson
461,Jillane,Javenson
462,Katey,Olson
463,Stefa,Swanson
464,Doro,Stevenson
465,Hermione,McAuley
466,Arlyn,McAllister
467,Marylin,McAfee
468,Melli,McIlroy
469,Dorri,Rhodes
470,Charita,Johnson
471,Michele,Javenson
472,Rhody,Olson
473,Kerianne,Swanson
474,Portia,Stevenson
475,Dominica,McAuley
476,Beverlee,McAllister
477,Elsy,McAfee
478,Holli,McIlroy
479,Betty,Rhodes
480,Madelon,Johnson
481,Anya,Javenson
482,Ianthe,Olson
483,Gwendolyn,Swanson
484,Fidelity,Stevenson
485,Elene,McAuley
486,Karilynn,McAllister
487,Lorrayne,McAfee
488,Eloise,McIlroy
489,Tim,Rhodes
490,Emilee,Johnson
491,Cyndy,Javenson
492,Jacquenette,Olson
493,Fifi,Swanson
494,Leone,Stevenson
495,Audie,McAuley
496,Tiffani,McAllister
497,Cristal,McAfee
498,Casi,McIlroy
499,Silara,Jameson
500,Ashoka,Wellington
